<objects>
	
	<!--ModelLocator-->
	<object id="appModelInstance" class="com.riameeting.model.ApplicationModel" factory-method="getInstance" singleton="true">
		<property name="feedURL" value="http://www.riameeting.com/rss.xml" />
	</object>
	
	<!--Service Locator-->
	<object id="serviceLocator" class="org.springextensions.actionscript.cairngorm.business.CairngormServiceLocator" factory-method="getInstance">
		<property name="feedService">
			<ref>feedService</ref>
		</property>
	</object>
	<object id="feedService" class="mx.rpc.http.HTTPService">
		<property name="url" value="http://www.riameeting.com/rss.xml"/>
		<property name="method" value="GET"/>
		<property name="useProxy" value="false"/>
		<property name="resultFormat" value="text"/>
	</object>
	
	<!--Delegate Factory-->
	<object id="businessDelegateFactory" class="org.springextensions.actionscript.cairngorm.business.BusinessDelegateFactory">
		<property name="service" ref="feedService"/>
		<property name="delegateClass" type="class" value="com.riameeting.business.GetFeedDelegate"></property>
	</object>
	
	<!--FrontControler-->
	<object id="appAwareCmdFactory" class="com.riameeting.factories.ApplicationModelAwareCommandFactory">
		<property name="applicationModel" ref="appModelInstance"/>
		<method-invocation name="addBusinessDelegateFactory">
			<arg>
			  <ref>businessDelegateFactory</ref>
			</arg>
			<arg>
			  <array>
				<value type="Class">com.riameeting.command.GetFeedCommand</value>
			  </array>
			</arg>
		</method-invocation>
	</object>
	<object id="frontController" class="org.springextensions.actionscript.cairngorm.control.CairngormFrontController">
		<constructor-arg>
			<object>
				<property name="getFeedEvent" value="GetFeedCommand"/>
			</object>
		</constructor-arg>
		<constructor-arg value="com.riameeting.command"/>
		<method-invocation name="addCommandFactory">
			<arg><ref>appAwareCmdFactory</ref></arg>
		</method-invocation>
	</object>
	
</objects>