<?xml version="1.0" encoding="utf-8"?>
<objects>
<!-- 
	<object id="remoteObject" class="mx.rpc.remoting.mxml.RemoteObject"	abstract="true">
		<property name="endpoint" value="http://localhost:8400/lcds-samples/messagebroker/amf" />
		<property name="showBusyCursor" value="true" />
	</object>

	<object id="contactRemoteObject" parent="remoteObject">
		<property name="destination" value="contacts" />
	</object>

	<object id="contactService" class="insync.services.ContactRemoteObjectService">
	    <constructor-arg>
	        <object id="myContactRemoteObject" parent="remoteObject">
	            <property name="destination" value="contacts" />
	        </object>
	    </constructor-arg>
	</object>
-->

	<object id="contactService" class="insync.services.ContactMockService" />
</objects>